Iteration,L1_loss,Feature_loss,Iter_LR
100,0.056696634739637375,-1,0.40256476402282715,0.0001
