Iteration,L1_loss,Feature_loss,Iter_LR
100,0.06472960859537125,-1,0.43367892503738403,0.0001
