PSNR,SSIM,Colorfulness_pred,Colorfulness_gt
14.837178561264112,0.13115608614191432,0,0
18.077843717247394,0.1499248129658153,0,0
