PSNR,SSIM,Colorfulness_pred,Colorfulness_gt
14.878100609170017,0.10429557353272433,0,0
18.248177819412593,0.12480131553317662,0,0
