PSNR,SSIM,Colorfulness_pred,Colorfulness_gt
16.28271074277993,0.31187886748764904,0,0
19.12588348298693,0.3591638241320794,0,0
